{"simpleTextTemplateData":{"type":"object","properties":{"backgroundImage":"https://d2o906d8ln7ui1.cloudfront.net/images/response_builder/background-green.png","foregroundImageLocation":"bottom","foregroundImageSource":"https://www.nwcu.com/storage/app/uploads/public/59f/107/891/59f1078919f18026736731.jpg","headerTitle":"Checks","headerSubtitle":"","hintText":"Try, \"Alexa, next question\"","headerAttributionImage":"","primaryText":"Do you write checks and pay bills?","textAlignment":"center","titleText":"Question One"}}}