{"simpleTextTemplateData":{"type":"object","properties":{"backgroundImage":"https://d2o906d8ln7ui1.cloudfront.net/images/response_builder/background-green.png","foregroundImageLocation":"left","foregroundImageSource":"https://d2o906d8ln7ui1.cloudfront.net/images/response_builder/asparagus.jpeg","headerTitle":"Asparagus","headerSubtitle":"","hintText":"Try, \"Alexa, next question\"","headerAttributionImage":"https://d2o906d8ln7ui1.cloudfront.net/images/response_builder/logo-world-of-plants-2.png","primaryText":"This is a second text","textAlignment":"start","titleText":"This is a title text"}}}